{"cameraMode":{"drawMode":0,"name":"Shaded","section":"Shading Mode"},"sceneLighting":true,"audioPlay":false,"sceneViewState":{"showFog":false,"showMaterialUpdate":false,"showSkybox":false,"showFlares":false,"showImageEffects":false,"showParticleSystems":false},"in2DMode":false,"pivot":{"x":377.3310241699219,"y":151.9534912109375,"z":177.7977294921875},"rotation":{"x":-0.05577849969267845,"y":-0.00988608505576849,"z":0.0005518939578905702,"w":-0.9983941316604614},"size":661.7804565429688,"orthographic":false}