{"cameraMode":{"drawMode":0,"name":"Shaded","section":"Shading Mode"},"sceneLighting":false,"audioPlay":false,"sceneViewState":{"showFog":false,"showMaterialUpdate":false,"showSkybox":false,"showFlares":false,"showImageEffects":false,"showParticleSystems":false},"in2DMode":false,"pivot":{"x":3.4599947929382326,"y":-3.501354932785034,"z":-0.024862855672836305},"rotation":{"x":-0.17189066112041474,"y":-0.026006657630205156,"z":0.004538140259683132,"w":-0.9847622513771057},"size":5.435766220092773,"orthographic":false}